{"cameraMode":{"drawMode":0,"name":"Shaded","section":"Shading Mode"},"sceneLighting":false,"audioPlay":false,"sceneViewState":{"m_AlwaysRefresh":false,"showFog":true,"showSkybox":false,"showFlares":true,"showImageEffects":true,"showParticleSystems":true,"showVisualEffectGraphs":true,"m_FxEnabled":true},"in2DMode":false,"pivot":{"x":-22.843828201293947,"y":23.447208404541017,"z":-53.70000076293945},"rotation":{"x":0.13001154363155366,"y":-0.7283182144165039,"z":0.14408579468727113,"w":0.6571927666664124},"size":6.0073957443237309,"orthographic":false}